,date,developerResponse,review,rating,isEdited,title,userName
0,2017-08-28 19:54:18,"{'id': 1123005, 'body': 'Ol√°, tudo bem? Obrigado pelo seu coment√°rio, vamos verificar o que est√° causando esse erro, fique atento √†s atualiza√ß√µes!', 'modified': '2017-08-28T13:56:40Z'}","Tenho meu plano p√≥s pago e n√£o consigo ver os dados em nenhum aplicativo, ap√≥s contato com a vivo e depois de muito tempo, o problema foi resolvido",4,True,Problema resolvido,mto booooom
1,2021-10-14 15:14:31,"{'id': 25711010, 'body': 'Ei, valeu por compartilhar seu c√≥digo promocional. Para o que precisar, conte comigo!', 'modified': '2021-10-16T03:36:15Z'}",Usei o c√≥digo 35NACONTA assim que abri app do Vivo Easy e ganhei muita internet sem validade para gastar e mais 35 reais de volta na conta para gastar com o que quiser. Dei sorte de ter encontrado esse c√≥digo 35NACONTA,5,False,ü§ë Usei o c√≥digo 35NACONTA üí∞,SpcFilho
2,2020-04-23 14:55:02,"{'id': 14878535, 'body': 'Ei, valeu por compartilhar seu c√≥digo promocional. Para o que precisar, conte comigo!', 'modified': '2020-04-24T05:38:27Z'}","C√≥digo A123
Use esse c√≥digo para ganhar 3GB e R$10 para gastar no APP. 
C√≥digo A123",5,False,Ganhe 3GB e R$10,Recomendado Apple
3,2018-12-18 11:01:43,"{'id': 6451904, 'body': 'Ol√°! Obrigada pela sugest√£o. Vamos avaliar a inclus√£o dessa funcionalidade no app. Conte com a gente e aguarde as atualiza√ß√µes! :)', 'modified': '2018-12-19T03:27:07Z'}",Toda vez que vai entrar tem que logar. Nada pr√°tico de mexer. Lembra a raiva que passava no Windows 8. üôÑ,3,False,Aplicativo muito ruim,pemg20
4,2021-10-14 03:09:30,"{'id': 25692842, 'body': 'Agrade√ßo por compartilhar a sua experi√™ncia, Sergio. Conte comigo, t√°?', 'modified': '2021-10-15T06:08:03Z'}","Pra quem n√£o t√° conseguindo, √© s√≥ usar o c√≥digo 35NACONTA na hora que for criar a conta no Vivo Easy. Eu usei ele e deu certo! Quem tiver d√∫vida com d√∫vida, n√£o tem erro, √© s√≥ usar o c√≥digo na hora que for criar a conta. Obrigado para o amigo que compartilhou.",5,False,O c√≥digo 35NACONTA me salvou üôèüèº,sergiop.cunha
5,2021-10-14 03:10:14,"{'id': 25698742, 'body': 'Fico feliz que est√° utilizando o Vivo Easy, Leila. Qualquer d√∫vida, √© s√≥ chamar! :)', 'modified': '2021-10-15T10:30:16Z'}",Eu tamb√©m usei o c√≥digo 35NACONTA e foi a melhor coisa que eu fiz. Realmente muita internet e os 35 reais de cashback √© real ü§Ø,5,False,Tamb√©m usei o c√≥digo 35NACONTA,LeilaLane
6,2020-03-14 16:09:51,"{'id': 14060809, 'body': 'Ei, Geli, valeu por compartilhar seu c√≥digo promocional. Para o que precisar, conte comigo!', 'modified': '2020-03-17T23:20:38Z'}","Insira o c√≥digo AA123 e ganhe 3GB de internet ilimitada e ainda R$10 em cr√©ditos para gastar como quiser dentro do APP. 
C√≥digo AA123",5,False,Ganhe 3GB+R$10 C√≥digo AA123,Geli CBK
7,2018-07-25 01:42:48,"{'id': 4397975, 'body': 'Ol√°! Lamentamos que tenha tido uma experi√™ncia ruim e informamos que estamos trabalhando para sempre aprimorar o app Vivo Easy. Conte conosco e aguarde as atualiza√ß√µes!', 'modified': '2018-07-25T21:19:26Z'}","Meu app atualizou ontem (23/07) e minha nossa t√° muito ruim olhar tudo, to tentando desde ontem descobrir onde fica a p√°gina que fala do meu saldo de internet, renova√ß√£o autom√°tica e t√° muito ruim. Tentaram inovar, mas √© o app menos funcional que eu j√° vi na vida... e por ser um essencial se vcs n√£o ajeitarem isso at√© de operadora vou precisar mudar. Era t√£o pr√°tico aquele, se quisessem modernizar  mudassem s√≥ o layout mas mudar a funcionalidade ou melhor excluir essa palavra do vivo easy foi um puta erro, al√¥ al√¥ vivo muda isso PELO AMOR DE DEUS",1,False,P√©ssima atualiza√ß√£o,Driellygloria
8,2017-09-21 02:18:24,"{'id': 1331080, 'body': 'Oi Matheus, tudo bem? Agradecemos seu coment√°rio. Vamos verificar o que est√° causando esse erro no app. Se desejar, envie e-mail para appvivo@vivo.com.br, informando nome completo, e-mail e n√∫mero do telefone com DDD. Conte conosco sempre!', 'modified': '2017-09-22T13:41:02Z'}",Fa√ßo todo cadastro debita do cartao e depois diz que deu erro e a linha nao eh vivo easy e tenho que repetir o processo,1,False,Fa√ßo todo processo e fica num loading pra depois dizer que deu erro,Matheus1394
9,2020-09-28 03:51:27,"{'id': 18164526, 'body': 'Ol√°m Karla. O Vivo Easy est√° em constante evolu√ß√£o para melhorias no produto e novas parcerias. Assim que tivermos novidades sobre novos parceiros comunicaremos a todos no app. Fique ligado em nossas atualiza√ß√µes!', 'modified': '2020-09-29T06:28:48Z'}","Pra ficar perfeito s√≥ falta adicionarem a possibilidade de comprar di√°rias para o Instagram!!! üôèüèºüôèüèºüôèüèº

üí° Ahhh usem o c√≥digo promocional KARLA1 pra ganhar 3GB e R$10,00 de bonus! üì≤üí∞",5,False,Instagram,Karlaabarbosa
10,2017-09-24 10:49:03,"{'id': 5191794, 'body': 'Ol√°, Eugenia! Lamentamos o ocorrido! Estamos aqui para ajudar. Encaminhe um e-mail para appvivo.br@telefonica.com com o seu nome completo, n√∫mero de telefone com DDD em que o erro ocorre e evid√™ncias do erro. Assim, podemos resolver o seu problema com mais rapidez. Agradecemos seu contato!', 'modified': '2018-09-24T07:13:26Z'}","Eu baixei esse app e por ele migrei meu plano de vivo controle para easy. Ao final, apareceu uma mensagem dizendo que podia demorar at√© 3 horas a migra√ß√£o ent√£o eu s√≥ precisava esperar. Passaram 24h, nada, o app estava com erro. Liguei l√° e a atendente me disse que eles CANCELARAM A MINHA LINHA. Eu fiquei sem celular. Esse app √© uma merda.",1,False,N√ÉO USEM,Eugenia.kimura
11,2018-12-14 14:00:46,"{'id': 6399390, 'body': 'Bom dia, Paulo! Obrigada por utilizar o Vivo Easy. Qualquer d√∫vida, conte conosco! :)', 'modified': '2018-12-16T02:47:55Z'}","E um bom plano para quem viaja e gosta de assistir v√≠deos no YouTube porque vc poder so comprar as di√°rias e n√£o precisa ter franquia de internet *Ganhe 1.000 di√°rias de WhatsApp e conhe√ßa o Vivo Easy.* J√° imaginou poder usar seus apps favoritos o dia inteiro sem gastar sua internet? E ainda n√£o se preocupar se a sua internet tem dia pra expirar? Use o c√≥digo *B5EPK*, ganhe 1.000 di√°rias de WhatsApp e conhe√ßa o Vivo Easy.",5,False,Bom app,Paulo Katel
12,2018-12-18 10:12:08,"{'id': 6451962, 'body': 'Ol√°, JMesquita! √Äs vezes o aplicativo pode apresentar instabilidade por causa do n√∫mero de acessos. Voc√™ pode tentar novamente mais tarde, caso o problema persista, voc√™ pode entrar em contato conosco atrav√©s do e-mail appvivo.br@telefonica.com, informando nome completo, e-mail e n√∫mero do telefone com DDD. Conte com a gente!', 'modified': '2018-12-19T03:33:00Z'}","O app mudou, ficando mais lento, acesso mais dif√≠cil. Bastava um beta para perceber que o app regredia.",1,False,Mudan√ßa...para pior,JMesquitaFilho
13,2017-09-20 00:27:14,"{'id': 1153893, 'body': 'Oi, tudo bem? Vamos verificar o que est√° causando esse erro.  Para relatar problemas, por favor acesse http://www.vivo.com.br/atendeapp. Assim poderemos lhe ajudar com mais precis√£o. Muito obrigado e conte conosco!', 'modified': '2017-08-31T20:02:21Z'}","Coloquei esse plano, sempre que vou ligar diz que o meu vivo easy n√£o possui saldo, mesmo ligando para Vivo que o plano oferta ser ilimitado. Mensagem diz que n√£o possuo saldo. Queria apenas meu celular funcionando. O que adianta ter um plano interessante se n√£o entrega.",1,True,23 dias sem telefone,a0013806
14,2020-07-23 15:19:23,"{'id': 16841620, 'body': 'Ol√°, Renata! Vou te ajudar. N√£o identificamos seu contato, pe√ßo que envie seus dados novamente para o e-mail appvivo.br@telefonica.com e verifique se o endere√ßo de envio est√° correto. Aguardo voc√™ por l√° e vou verificar o caso.', 'modified': '2020-07-24T03:33:11Z'}","Da sempre erro ao finalizar, estou tentando h√° mais de um m√™s. J√° mandei email, mas voces demoram uma semana para responder cada vez que eu escrevo. Nada resolve, quando finalizo o cadastro aparece uma tela vermelha dizendo que por raz√µes internas meu cadastro n√£o foi aprovado.",1,False,Suporte muito ruim,renatasquarzoni
15,2020-03-27 23:47:24,"{'id': 14297474, 'body': 'Deixa comigo, Nicoly, vou verificar o que est√° causando esse erro. Voc√™ pode enviar e-mail para appvivo.br@telefonica.com, informando nome completo, e-mail e n√∫mero do telefone com DDD, assim consigo te ajudar com mais rapidez ;)', 'modified': '2020-03-28T06:13:07Z'}","Faz mais de um m√™s que tento cadastrar todos os dias, mas nunca da certo, quando √© pra finalizar, fala que o aplicativo deu erro e a tela fica vermelha, eu preciso desse plano arrumem por favor! J√° liguei na Vivo falaram a estava em manuten√ß√£o e ate o dia 26/03/2020 arrumavam e n√£o arrumaram, ja fui em loja fixa e falaram que a vivo estava tirando o plano do cat√°logo mas vejo muitas pessoas usando, o que est√° acontecendo? Arrumem por favor!",1,False,P√©ssimo!,NicolyOv
16,2020-02-27 21:41:10,"{'id': 13727861, 'body': 'Ol√°, eu vou verificar o motivo de estar acontecendo isso. Encaminhe um e-mail para appvivo.br@telefonica.com com o seu nome completo, n√∫mero de telefone com DDD e evid√™ncias do erro. Espero voc√™ ;)', 'modified': '2020-02-27T04:37:08Z'}","Hora diz que o problema era com o cart√£o de cr√©dito, hora diz que tem um problema interno. H√° 7 dias venho tentando me cadastrar nesse plano sem sucesso. J√° desinstalei o aplicativo e instalei v√°rias vezes. J√° tentei com c√≥digo, sem c√≥digo... Nada funciona!
Fiz o que sugeriram e a resposta foi que n√£o me aceitam no plano, n√£o tem explica√ß√£o e n√£o h√° o que fazer. Ser√° que √© porque eu tinha outro plano na Vivo e cancelei?",1,True,Por quest√µes internas seu vivo easy n√£o foi aprovado,Usu√°rio 58473
17,2020-10-12 23:16:40,"{'id': 18466917, 'body': 'Ol√°! Maia, eu vou verificar o motivo de estar acontecendo isso. Encaminhe um e-mail para appvivo.br@telefonica.com com o seu nome completo, n√∫mero de telefone com DDD, evid√™ncias do erro e um print do coment√°rio feito aqui na loja. Espero voc√™ ;)', 'modified': '2020-10-14T06:00:09Z'}","Inacreditavel ter um app assim, melhor do que todos os planos dispon√≠veis na vivo. 
√önico problema √© que meu telefone pega 4g, mas quando comprei internet por esse app s√≥ est√° conectando 3g. 

Algu√©m poderia me ajudar com isso? 
Att.,",5,False,App sensacional,m_aia
18,2019-10-07 19:06:43,"{'id': 11114844, 'body': 'Ol√°, eu vou verificar o motivo de estar acontecendo isso. Encaminhe um e-mail para appvivo.br@telefonica.com com o seu nome completo, n√∫mero de telefone com DDD e evid√™ncias do erro. Espero voc√™ ;)', 'modified': '2019-10-08T05:44:55Z'}","O aplicativo era at√© bom, mas depois das √∫ltimas atualiza√ß√µes ele n√£o funciona. Fica muito tempo para aparecer a tela de login, tenho que tentar varias vezes entrar e fica dando erro dentro do app. Fora isso, sempre usei o vivo easy e agora com a redu√ß√£o dos pre√ßos ficou bem melhor. Uma sugest√£o √© colocar login autom√°tico ou pelo menos com touch id. Ter que digitar a senha sempre que for entrar √© chato e ultrapassado.",3,False,√â bom mas est√° p√©ssimo agora,Ulooka
19,2019-08-20 12:03:00,"{'id': 10271180, 'body': 'Ol√°, Rosemeire! Vamos verificar o que est√° causando esse erro no app. Se desejar, envie e-mail para appvivo.br@telefonica.com, informando nome completo, e-mail e n√∫mero do telefone com DDD. Conte conosco!', 'modified': '2019-08-21T05:23:57Z'}","O app deveria ter um acesso mais r√°pido, no meu caso, minha internet acaba e s√≥ consigo contratar mais qdo eu tiver acesso. Mas se acabou como vou ter acesso? N√£o tem l√≥gica. Outra dificuldade, se estou acessando do meu celular , para que senha ????",3,False,Precisa melhorar,@Rosemeire1996
20,2024-05-12 06:42:15,"{'id': 43878454, 'body': 'Lamento por isso, Pedro. Para que eu consiga te ajudar com mais rapidez, pe√ßo que envie um e-mail para suporteapp.br@telefonica.com, informando nome completo, n√∫mero do telefone com DDD, print da tela detalhando o que houve e um print do coment√°rio feito aqui na loja. Te espero l√° para resolvermos isso!', 'modified': '2024-05-13T13:13:21Z'}",Sempre d√° umas bugadas.,5,False,"Bom, mas pode melhorar!",Pedro Luiz R Pires
21,2018-07-23 00:39:21,"{'id': 4370286, 'body': 'Ol√°, Magda! Ainda n√£o √© cliente Vivo Easy? Aguarde que em breve voc√™ tamb√©m vai poder ter acesso ao novo app para conhecer todas as novidades do Vivo Easy!', 'modified': '2018-07-24T07:02:00Z'}","N√£o aparece op√ß√£o ‚Äúquero conhecer‚Äù s√≥ aparece ‚Äúj√° sou cadastrado‚Äù. Achei que fosse meu celular, mas testei em outro e est√° a mesma coisa.",1,False,Imposs√≠vel se cadastrar,Magda Oliveira
22,2024-04-07 17:21:30,"{'id': 43148056, 'body': 'Lamento por isso. Para que eu consiga te ajudar com mais rapidez, pe√ßo que envie um e-mail para suporteapp.br@telefonica.com, informando nome completo, n√∫mero do telefone com DDD, print da tela detalhando o que houve e um print do coment√°rio feito aqui na loja. Te espero l√° para resolvermos isso!', 'modified': '2024-04-09T09:04:11Z'}","Ao menos o app deveria funcionar sem internet, j√° que √© para colocar cr√©dito.",5,False,Deveria funcionar sem internet,fortunasants
23,2024-05-12 03:47:38,"{'id': 44089048, 'body': 'Ol√°! O Vivo Easy oferece a oportunidade de montar o seu pacote de voz e internet como voc√™ quiser e sem validade. E mais, voc√™ pode ativar a trava de gastos para n√£o ter que se preocupar com as despesas. Precisando √© s√≥ chamar ;)', 'modified': '2024-05-22T16:36:13Z'}","O cashback recebido s√≥ vale coisa de 5 dias. Os produtos na loja s√£o de longe bem mais caros do que um plano controle. Sem assinatura prime, comprando di√°rias pra ligar o valor fica absurdo. Todo o Vivo Easy foi desenhado pra voc√™ pagar mais caro por tudo nesse esquema de di√°rias. N√£o vale a pena.",1,False,Cashback recebido s√≥ vale poucos dias,allangarcia_
24,2024-05-11 23:33:53,"{'id': 44089790, 'body': 'Ol√°! Atualmente, s√≥ √© poss√≠vel ter 3 cart√µes de cr√©dito ativos. Caso voc√™ possua apenas 1 cart√£o, s√≥ ser√° poss√≠vel exclu√≠-lo adicionando outro antes. Se ainda precisar de ajuda, envie um e-mail para suporteapp.br@telefonica.com, informando seu nome, n√∫mero do telefone com DDD e um print do coment√°rio feito aqui na loja, que eu verifico isso pra voc√™!', 'modified': '2024-05-22T18:04:33Z'}",O app n√£o tem como remover o cart√£o de cr√©dito cadastrado,1,False,Inseguro,nbrunona
25,2024-04-07 11:47:45,"{'id': 43150163, 'body': 'Fico feliz com seu feedback! Ele nos motiva a tornar o Vivo Easy cada vez melhor. :)\n', 'modified': '2024-04-09T10:15:20Z'}","Gosto desse app. 
N√£o fico na obriga√ß√£o de colocar cr√©dito s√≥ pra manter a linha. Com o Vivo easy coloco s√≥ que preciso no momento.",5,False,Bom app,SusiPrado
26,2024-02-29 05:07:12,"{'id': 39234962, 'body': 'Ol√°! Me detalha o que est√° acontecendo e eu te ajudo, ok? Envie um e-mail para suporteapp.br@telefonica.com, informando o nome completo, n√∫mero de telefone com DDD, print da tela detalhando o que houve e um print do coment√°rio feito aqui na loja, para resolvermos isso ;)', 'modified': '2023-09-30T19:10:18Z'}",Suporte T√©cnico Ajuda Atendimento.. n√£o existe,3,True,Suporte T√©cnico Ajuda Atendimento‚Ä¶ n√£o existe,Oibaf Onabla
27,2024-04-06 15:21:45,"{'id': 43120996, 'body': 'Deixa comigo. Vou verificar o que est√° causando isso. Voc√™ pode enviar e-mail para suporteapp.br@telefonica.com, informando nome completo, n√∫mero do telefone com DDD, print da tela detalhando o que houve e um print do coment√°rio feito aqui na loja, assim consigo te ajudar com mais rapidez ;)', 'modified': '2024-04-08T09:36:42Z'}","N√£o permite atualizar ou comprar outro plano maior, s√≥ deixa comprar mais internet",1,False,Plano,alcoro
28,2024-04-05 02:15:57,"{'id': 43087772, 'body': 'Ol√°! Me detalha o que est√° acontecendo e eu te ajudo, ok? Envie um e-mail para suporteapp.br@telefonica.com, informando o nome completo, n√∫mero de telefone com DDD, print da tela detalhando o que houve e um print do coment√°rio feito aqui na loja, para resolvermos isso ;)', 'modified': '2024-04-06T14:38:23Z'}",Pessimo,1,False,Aplicativo n√£o funciona,JuozzM
29,2024-03-01 02:59:58,"{'id': 44090545, 'body': 'Ol√°! √Äs vezes o app pode apresentar instabilidade por conta do n√∫mero de acessos. Voc√™ pode tentar novamente mais tarde, mas tamb√©m pode entrar em contato atrav√©s do e-mail suporteapp.br@telefonica.com, informando nome completo, n√∫mero do telefone com DDD, print da tela detalhando o que houve e um print do coment√°rio feito aqui na loja (;', 'modified': '2024-05-22T19:17:47Z'}",Na maioria das vezes √© p√©ssimo demora demais pra abrir e muitas vezes n√£o abri,1,False,App ruim,amandinha18
30,2024-02-29 14:51:36,"{'id': 42326771, 'body': 'Ol√°! √Äs vezes o app pode apresentar instabilidade por conta do n√∫mero de acessos. Voc√™ pode tentar novamente mais tarde, mas tamb√©m pode entrar em contato atrav√©s do e-mail suporteapp.br@telefonica.com, informando nome completo, n√∫mero do telefone com DDD, print da tela detalhando o que houve e um print do coment√°rio feito aqui na loja (;\n', 'modified': '2024-03-02T13:19:55Z'}",App nao abre. Fica pensando e n√£o funciona.,1,False,Pessimo app,leo2t
31,2024-02-29 08:12:12,"{'id': 42310697, 'body': 'Ol√°, Wendell! Entendemos que mudan√ßas como essas nem sempre s√£o bem recebidas. Mas, pode continuar acompanhando todas as atualiza√ß√µes pelo nosso app e seguir aproveitando todas as facilidades que o Easy proporciona. Estamos sempre buscando o melhor para os nossos clientes. Conte conosco!', 'modified': '2024-03-01T13:00:23Z'}",Tiraram para comprar diarias de app,1,False,PESSIMO,Wendell souza malakoi
32,2024-02-06 01:17:42,"{'id': 42447551, 'body': 'Ol√°, Bojunga! Entendemos que mudan√ßas como essas nem sempre s√£o bem recebidas. Mas, pode continuar acompanhando todas as atualiza√ß√µes pelo nosso app e seguir aproveitando todas as facilidades que o Easy proporciona. Estamos sempre buscando o melhor para os nossos clientes. Conte conosco!', 'modified': '2024-03-07T22:29:46Z'}","Ficou p√©ssimo a nova pol√≠tica de pre√ßos da Vivo. Antes 30 dias corridos de YouTube ou Netflix custava 30 reais.Agora est√° 80 raia sob a ideia de que agora teria ficado melhor, pois apenas consumiria dos dias efetivamente utilizados. P√©ssimo. Que deixassem a op√ß√£o para o usu√°rio escolher. Ou 30 dias corridos por 30, ou 30 di√°rias aleat√≥rio conforme o uso.. Apenas acho muito chata a insist√™ncia em ficar oferecendo pacotes mensais em um intuito de tornar um ‚Äúp√≥s pago‚Äù.",3,False,Nova pol√≠tica de pre√ßos por dia ficou muito cara,Bojunga
33,2024-02-28 20:30:22,"{'id': 42306810, 'body': 'Ol√°! Eu vou verificar o motivo de estar acontecendo isso. Encaminhe um e-mail para suporteapp.br@telefonica.com com o seu nome completo, n√∫mero de telefone com DDD, print da tela detalhando o que houve e um print do coment√°rio feito aqui na loja. Espero voc√™ ;)', 'modified': '2024-03-01T10:22:28Z'}","App trava mto, n√£o carrega",2,False,Trava demais,kelsperanza
34,2024-02-17 23:44:24,"{'id': 42050846, 'body': 'Ol√°, Danyel! Entendemos que mudan√ßas como essas nem sempre s√£o bem recebidas. Mas, pode continuar acompanhando todas as atualiza√ß√µes pelo nosso app e seguir aproveitando todas as facilidades que o Easy proporciona. Estamos sempre buscando o melhor para os nossos clientes. Conte conosco!\n', 'modified': '2024-02-19T11:19:05Z'}","Come√ßou super bem, super vantajoso, ai subiram o pre√ßo (o que n deve parar por ai), agora tiraram o cashback e compra dos app‚Ä¶ vivo easy virando easy hard, estragando com tudo, e o pre√ßo vai continuar subindo pq a vivo √© isso, sobe pre√ßo e acaba vantagens",1,False,"Come√ßo, meio e fim",Danyel753
35,2023-09-15 16:51:47,"{'id': 38961537, 'body': 'Ol√°! Fico feliz com o coment√°rio, as sugest√µes ajudam a melhorar o app cada vez mais. Anotei aqui e vou ver a possibilidade de adicion√°-la :) ', 'modified': '2023-09-17T12:59:39Z'}","Bom, instintivo. Mas, as vezes n√£o abre, ou demora muito.",3,False,Precisa melhorar,135696BB
36,2023-09-16 00:01:27,"{'id': 38961560, 'body': 'Ol√°, Clebson! Me detalha o que est√° acontecendo e eu te ajudo, ok? Envie um e-mail para suporteapp.br@telefonica.com, informando o nome completo, n√∫mero de telefone com DDD, print da tela detalhando o que houve e um print do coment√°rio feito aqui na loja, para resolvermos isso ;)\r\n', 'modified': '2023-09-17T13:01:18Z'}",J√° foi bom. Hoje oscila muito o sinal de internet.,1,False,Internet oscilando,Clebson 1980
37,2023-09-15 13:49:54,"{'id': 38959208, 'body': 'Ol√°! Me detalha o que est√° acontecendo e eu te ajudo, ok? Envie um e-mail para suporteapp.br@telefonica.com, informando o nome completo, n√∫mero de telefone com DDD, print da tela detalhando o que houve e um print do coment√°rio feito aqui na loja, para resolvermos isso ;)', 'modified': '2023-09-17T09:21:44Z'}",Os pre√ßos s√£o caros pra pouca internet e o aplicativo parece que foi desenvolvido por uma crian√ßa l√° n√£o tem como resolver nada,1,False,Pessimo,Pedrocar_ofc
38,2023-09-15 13:36:17,"{'id': 38959197, 'body': 'Ol√°, Bruno. Sabemos que mudan√ßas assim nunca s√£o uma novidade legal, e lamentamos sua insatisfa√ß√£o. Os valores do Vivo Easy ser√£o reajustados a partir de 01/06. Mas n√£o se preocupe! Voc√™ continuar√° contando com todos os benef√≠cios do plano digital que √© a sua cara. Saiba mais em https://vivo.tl/valores-easy-2023', 'modified': '2023-09-17T09:20:40Z'}","Usei o app a muito tempo atr√°s pelo pre√ßo muito bom, hoje baixei de novo e pensei em voltar pra vivo, mas me espantei com os pre√ßos super alto, mais antes ficar na Tim que gasta 30 por m√™s e usa internet a vontade üòë",1,False,Pre√ßo muito alto.,Bruno Claiton
39,2023-09-14 18:04:32,"{'id': 38959090, 'body': 'Ol√°! Me detalha o que est√° acontecendo e eu te ajudo, ok? Envie um e-mail para suporteapp.br@telefonica.com, informando o nome completo, n√∫mero de telefone com DDD, print da tela detalhando o que houve e um print do coment√°rio feito aqui na loja, para resolvermos isso ;)', 'modified': '2023-09-17T09:11:31Z'}",app est√° horr√≠vel os pre√ßo absurdo,1,False,app ruim,Clinte triste
40,2023-06-27 10:22:04,"{'id': 37397799, 'body': 'Vou informar a sua sugest√£o e vamos analisar a possibilidade de aplicar ao app. Aguarde as pr√≥ximas atualiza√ß√µes e sigo √† disposi√ß√£o se precisar :)', 'modified': '2023-06-29T09:33:14Z'}","O app da Vivo Easy √© muito bom, mas n√£o tem como o usu√°rio localizar seu cashback e as informa√ß√µes do consumo de internet √© confuso no gr√°fico.",4,False,App precisa melhorar,DadaiTeu
41,2023-09-14 13:50:46,"{'id': 38947666, 'body': 'Ol√°. Sabemos que mudan√ßas assim nunca s√£o uma novidade legal, e lamentamos sua insatisfa√ß√£o. Os valores do Vivo Easy ser√£o reajustados a partir de 01/06. Mas n√£o se preocupe! Voc√™ continuar√° contando com todos os benef√≠cios do plano digital que √© a sua cara. Saiba mais em https://vivo.tl/valores-easy-2023', 'modified': '2023-09-16T04:22:12Z'}",Aumentou muito os pre√ßos,3,False,Pre√ßo,Ohmakin
42,2023-09-14 12:57:20,"{'id': 38947659, 'body': 'Lamento por isso, Dani. Para que eu consiga te ajudar com mais rapidez, pe√ßo que envie um e-mail para suporteapp.br@telefonica.com, informando nome completo, n√∫mero do telefone com DDD, print da tela detalhando o que houve e um print do coment√°rio feito aqui na loja. Te espero l√° para resolvermos isso!', 'modified': '2023-09-16T04:20:35Z'}",Desde que contratei percebi q minha internet est√° mais lenta e agora fui cobrada um valor que desconhe√ßo.,1,False,N√£o tem valido a pena,Dani Bassotto
43,2023-09-13 23:47:48,"{'id': 38932979, 'body': 'Ei, vou te ajudar com isso, t√°? Pe√ßo que envie um e-mail para suporteapp.br@telefonica.com, informando nome completo, n√∫mero do telefone com DDD e um print do coment√°rio feito aqui na loja. Aguardo voc√™! ', 'modified': '2023-09-15T09:29:59Z'}","3g n√£o funciona na cidade de Garuva / SC
J√° fiz 2 chamados e n√£o adiantou, vou cancelar o plano",1,False,Internet n√£o funciona,bruna wiesner
44,2023-08-14 02:46:16,"{'id': 38307816, 'body': 'Lamento por isso. Para que eu consiga te ajudar com mais rapidez, pe√ßo que envie um e-mail para suporteapp.br@telefonica.com, informando nome completo, n√∫mero do telefone com DDD, print da tela detalhando o que houve e um print do coment√°rio feito aqui na loja. Te espero l√° para resolvermos isso!', 'modified': '2023-08-15T17:02:08Z'}","Pre√ßo alto. Falta de promo√ß√µes. Aplicativo inst√°vel, sendo que √© a √∫nica forma de contratar os servi√ßos.",1,False,Aplicativo inst√°vel,Usu√°rio vivo lixo 3G
45,2023-07-15 17:11:28,"{'id': 37702632, 'body': 'Deixa comigo, Dyomu, vou verificar o que est√° causando isso. Voc√™ pode enviar e-mail para suporteapp.br@telefonica.com, informando nome completo, n√∫mero do telefone com DDD, print da tela detalhando o que houve e um print do coment√°rio feito aqui na loja, assim consigo te ajudar com mais rapidez ;)', 'modified': '2023-07-16T20:52:16Z'}","J√° liguei na vivo e est√° tudo ok com minha linha. Fa√ßo liga√ß√µes normal e acesso √† internet.
Por√©m quando acesso o APP ele diz que minha linha est√° bloqueada.
J√° reinstalei o app mas sempre da o mesmo erro.
O pior √© que o app diz pra ligar pra *8486 mas quando ligo, falam que o problema √© no app pois minha linha est√° tudo ok.
Mas n√£o tem nenhum meio de contato pra falar com algu√©m do app.",1,False,N√£o consigo logar pois diz que meu n√∫mero est√° bloqueado!,Dyomu
46,2023-07-13 15:09:56,"{'id': 37688801, 'body': 'Ol√°! Sabemos que mudan√ßas assim nunca s√£o uma novidade legal, e lamentamos sua insatisfa√ß√£o. Os valores do Vivo Easy ser√£o reajustados a partir de 01/06. Mas n√£o se preocupe! Voc√™ continuar√° contando com todos os benef√≠cios do plano digital que √© a sua cara. Saiba mais em https://vivo.tl/valores-easy-2023', 'modified': '2023-07-15T05:46:16Z'}","Os valores est√£o muito acima do mercado , comecei um valor e hoje est√° 3 vezes o valor inicial, ser√° que n√£o √© o mesmo dono da blaze ? Vou denunciar vcs",1,False,Plano superfaturados,auau 157 boladao
47,2023-07-05 23:39:56,"{'id': 37527330, 'body': 'Ol√°! Miller, eu vou verificar o motivo de estar acontecendo isso. Encaminhe um e-mail para suporteapp.br@telefonica.com com o seu nome completo, n√∫mero de telefone com DDD e um print do coment√°rio feito aqui na loja. Espero voc√™ ;)', 'modified': '2023-07-07T05:11:09Z'}",Sei que a Internet n√£o t√™m nada a ver com a quest√£o de eu estar reclamando do App. Por√©m quero deixar registrado a minha insatisfa√ß√£o como Cliente da Vivo. Empresa decepcionante,1,False,Internet Lixo,Miller B. Costa
48,2023-07-05 23:00:51,"{'id': 37527333, 'body': 'Ol√°, eu vou verificar o motivo de estar acontecendo isso. Encaminhe um e-mail para suporteapp.br@telefonica.com com o seu nome completo, n√∫mero de telefone com DDD e um print do coment√°rio feito aqui na loja. Espero voc√™ ;)', 'modified': '2023-07-07T05:11:26Z'}",A internet cai direto. Tenho que reiniciar o celular toda vez.,3,False,A internet cai direto.,sibsales
49,2023-07-05 20:13:12,"{'id': 37527377, 'body': 'Ol√°! Pedro, eu vou verificar o motivo de estar acontecendo isso. Encaminhe um e-mail para suporteapp.br@telefonica.com com o seu nome completo, n√∫mero de telefone com DDD e um print do coment√°rio feito aqui na loja. Espero voc√™ ;)', 'modified': '2023-07-07T05:14:41Z'}","O plano em si √© super convidativo em termos de valor, mas a qualidade de sinal e do servi√ßo de internet deixa muito a desejar.
N√£o recomendo!",1,False,Qualidade de sinal de internet p√©ssimo,Pedro HT
50,2023-05-11 12:03:01,"{'id': 36488329, 'body': 'Ol√°, fico feliz com seu feedback! Ele nos motiva a tornar o Vivo Easy cada vez melhor. :)', 'modified': '2023-05-12T15:16:19Z'}",Muito bom. Mudei meus pacotes de internet e liga√ß√µes e n√£o me arrependo,5,False,Thugregor,thurgregor8497
51,2023-06-27 03:13:31,"{'id': 37378745, 'body': 'Ol√°, Rone. Sabemos que mudan√ßas assim nunca s√£o uma novidade legal, e lamentamos sua insatisfa√ß√£o. Os valores do Vivo Easy ser√£o reajustados a partir de 01/06. Mas n√£o se preocupe! Voc√™ continuar√° contando com todos os benef√≠cios do plano digital que √© a sua cara. Saiba mais em https://vivo.tl/valores-easy-2023', 'modified': '2023-06-28T10:59:47Z'}","Plano aumento 300 % nos pacotes de diaria, que tiro no pe que a vivo deu, todo mundo migrando pro claro flex, nao vale mais a pena",1,False,Vivo e seus aumentos abusivos,ronecarlosz
52,2023-06-24 20:11:03,"{'id': 37329822, 'body': 'Ol√°, Wellington. Sabemos que mudan√ßas assim nunca s√£o uma novidade legal, e lamentamos sua insatisfa√ß√£o. Os valores do Vivo Easy ser√£o reajustados a partir de 01/06. Mas n√£o se preocupe! Voc√™ continuar√° contando com todos os benef√≠cios do plano digital que √© a sua cara. Saiba mais em https://vivo.tl/valores-easy-2023', 'modified': '2023-06-26T09:39:43Z'}","Gostava mto do app, mas n√£o der pra entender o pre√ßo absurdo q colocaram nas di√°rias do Facebook e Instagram 30 dias est√£o 79,80 4 vezes a mais q o valor anterior!!",2,False,Di√°rias,Wellington m4rcos
53,2023-06-23 16:34:49,"{'id': 37311704, 'body': 'Ol√°, Cello. Sabemos que mudan√ßas assim nunca s√£o uma novidade legal, e lamentamos sua insatisfa√ß√£o. Os valores do Vivo Easy ser√£o reajustados a partir de 01/06. Mas n√£o se preocupe! Voc√™ continuar√° contando com todos os benef√≠cios do plano digital que √© a sua cara. Saiba mais em https://vivo.tl/valores-easy-2023', 'modified': '2023-06-25T09:39:44Z'}","Os valores das di√°rias estavam √≥timos pros dois lados, agora aumentou um absurdo, n√£o vale mais apena",1,False,Valor absurdo,Cello M√ºller
54,2023-06-22 22:49:33,"{'id': 37303796, 'body': 'Ol√°. Sabemos que mudan√ßas assim nunca s√£o uma novidade legal, e lamentamos sua insatisfa√ß√£o. Os valores do Vivo Easy ser√£o reajustados a partir de 01/06. Mas n√£o se preocupe! Voc√™ continuar√° contando com todos os benef√≠cios do plano digital que √© a sua cara. Saiba mais em https://vivo.tl/valores-easy-2023', 'modified': '2023-06-24T12:59:09Z'}","Esse √© o √∫ltimo m√™s que uso 
Teve um aumento absurdo no pre√ßo das di√°rias 
√â imposs√≠vel continuar renovando 
Aumentaram o pre√ßo mensal dos app de 14,90 e 29,90 pra 79,80..
Imposs√≠vel mesmo!",1,False,Aumento absurdo nos pre√ßos,Aumento absurdo!
55,2023-06-22 02:21:33,"{'id': 37289111, 'body': 'Lamento por isso, Beatriz. Para que eu consiga te ajudar com mais rapidez, pe√ßo que envie um e-mail para suporteapp.br@telefonica.com, informando nome completo, n√∫mero do telefone com DDD, print da tela detalhando o que houve e um print do coment√°rio feito aqui na loja. Te espero l√° para resolvermos isso!', 'modified': '2023-06-23T10:54:23Z'}","Aplicativo simplesmente n√£o carrega absolutamente nada faz uns meses. 
N√£o consigo ver informa√ß√£o nenhuma, comprar di√°rias, NADA!",1,False,HORR√çVEL,beatriz.t15
56,2023-06-21 17:34:28,"{'id': 37282478, 'body': 'Ol√°. Sabemos que mudan√ßas assim nunca s√£o uma novidade legal, e lamentamos sua insatisfa√ß√£o. Os valores do Vivo Easy ser√£o reajustados a partir de 01/06. Mas n√£o se preocupe! Voc√™ continuar√° contando com todos os benef√≠cios do plano digital que √© a sua cara. Saiba mais em https://vivo.tl/valores-easy-2023', 'modified': '2023-06-23T03:41:35Z'}","Estava muito satisfeito com o vivo Easy , at√© msm indiquei para v√°rios amigos e funcion√°rios , mas do nada o pre√ßo subiu , e o cashback virou uma piada , n√£o d√° pra comprar nada mais , os pacotes subiram ainda mais que a mensalidade , e os 10 de cashback n√£o d√° 2 dias de nenhum App ! 
Como podem estragar as coisas assim ! Que loucura",1,False,Estragaram tudo,Jr catal√£o
57,2023-06-21 07:36:00,"{'id': 37276041, 'body': 'Ol√°, Edu. Sabemos que mudan√ßas assim nunca s√£o uma novidade legal, e lamentamos sua insatisfa√ß√£o. Os valores do Vivo Easy ser√£o reajustados a partir de 01/06. Mas n√£o se preocupe! Voc√™ continuar√° contando com todos os benef√≠cios do plano digital que √© a sua cara. Saiba mais em https://vivo.tl/valores-easy-2023', 'modified': '2023-06-22T16:38:34Z'}","Atualizaram os pre√ßos pra mais de 400% de aumento
N√£o vale mais a pena, claro Flex t√° muito melhorrrr",1,False,Abusivo,eduthk
58,2023-06-20 18:13:52,"{'id': 37268682, 'body': 'Deixa comigo, Fran, vou verificar o que est√° causando isso. Voc√™ pode enviar e-mail para suporteapp.br@telefonica.com, informando nome completo, n√∫mero do telefone com DDD, print da tela detalhando o que houve e um print do coment√°rio feito aqui na loja, assim consigo te ajudar com mais rapidez ;)', 'modified': '2023-06-22T09:52:07Z'}",App muito ruim tem muito tempo que n consigo acesso,1,False,App pessimo,Fran220615
59,2023-05-10 23:42:00,"{'id': 36482233, 'body': 'Agrade√ßo seu coment√°rio, fico feliz em saber que gosta do app. Pode me chamar sempre que precisar!', 'modified': '2023-05-12T10:23:05Z'}",R√°pido e pr√°tico. Me ajuda mttt vlw !!!,5,False,Tudo diiii booooum,ohmega043
